"Dis No","Year","Seq","Glide","Disaster Group","Disaster Subgroup","Disaster Type","Disaster Subtype","Disaster Subsubtype","Event Name","Country","ISO","Region","Continent","Location","Origin","Associated Dis","Associated Dis2","OFDA Response","Appeal","Declaration","AID Contribution (000 US$)","Dis Mag Value","Dis Mag Scale","Latitude","Longitude","Local Time","River Basin","Start Year","Start Month","Start Day","End Year","End Month","End Day","Total Deaths","No Injured","No Affected","No Homeless","Total Affected","Reconstruction Costs ('000 US$)","Reconstruction Costs, Adjusted ('000 US$)","Insured Damages ('000 US$)","Insured Damages, Adjusted ('000 US$)","Total Damages ('000 US$)","Total Damages, Adjusted ('000 US$)","CPI","Adm Level","Admin1 Code","Admin2 Code","Geo Locations"
"2000-0019-BRA","2000","0019","","Natural","Hydrological","Flood","Riverine flood","","","Brazil","BRA","South America","Americas","Rio de Janeiro city (Rio de Janeiro district, Rio de Janeiro province), Sao Paulo city (Sao Paulo district, Sao Paulo province), Campos de Jordao city (Campos de Jordao district, Sao Paulo province). Volta Redonda district (Rio de Janeiro province), Barra Mansa district (Rio de Janeiro province), Resende district (Rio de Janeiro province), Pirangucu district (Minas Gerais province), Santa Rita do Sapucai district (Minas Gerais province). ","Heavy rains","Slide (land, mud, snow, rock)","","","","Yes","","350000","Km2","","","","Paraiba, Tiete, Maracana, Rio Verde","2000","1","1","2000","1","6","26","","","70000","70000","","","","","","","58.84064849175","2","","8467;8555;9902;9956;9961;9985;11089;11543","Barra Mansa, Campos Do Jordao, Pirangucu, Resende, Rio De Janeiro, Santa Rita Do Sapucai, Sao Paulo, Volta Redonda (Adm2). "
"2000-0809-BRA","2000","0809","","Natural","Hydrological","Flood","Riverine flood","","","Brazil","BRA","South America","Americas","Belo Horizonte district (Minas Gerais province), Santos, Guaruja districts (Sao Paulo province), Santa Leopoldina district (Espirito Santo province), Alto Feliz district (Rio Grande do Sul province)","Heavy rains","Slide (land, mud, snow, rock)","","","","","","578300","Km2","","","","","2000","12","17","2000","12","26","13","","2000","","2000","","","","","","","58.84064849175","2","","7192;7936;10160;11192;11523","Alto Feliz, Belo Horizonte, Guaruja, Santa Leopoldina, Santos (Adm2). "
"2000-0590-BRA","2000","0590","","Natural","Hydrological","Flood","Riverine flood","","","Brazil","BRA","South America","Americas","Recife city (Recife district, Pernambuco province), Jaboatao Dos Guararapes, Moreno districts (Pernambuco province)","Heavy rain","","","","","","","3000","Km2","","","","","2000","9","16","2000","9","18","3","","10000","","10000","","","","","","","58.84064849175","2","","9576;9598;9621","Jaboatao Dos Guararapes, Moreno, Recife (Adm2). "
"2000-0666-BRA","2000","0666","","Natural","Hydrological","Flood","Riverine flood","","","Brazil","BRA","South America","Americas","Rio Grande Do Sul province","Heavy rain","","","","","","","10250","Km2","","","","","2000","10","12","2000","10","15","6","","5000","","5000","","","","","","","58.84064849175","1","685","","Rio Grande Do Sul (Adm1). "
"2000-0456-BRA","2000","0456","","Natural","Meteorological","Extreme temperature ","Cold wave","","","Brazil","BRA","South America","Americas","Porto Alegre district (Rio Grande Do Sul province)","","","","","","","","-5","°C","","","","","2000","7","","2000","7","","7","","","","","","","","","","","58.84064849175","2","","10455","Porto Alegre (Adm2). "
"2000-0004-BRA","2000","0004","","Technological","Technological","Transport accident","Road","","","Brazil","BRA","South America","Americas","Pouso Redondo (Etat de Santa Catarina)","","","","","","","","","","","","","","2000","1","12","2000","1","12","42","71","","","71","","","","","","","58.84064849175","","","",""
"2000-0177-BRA","2000","0177","","Technological","Technological","Transport accident","Road","","","Brazil","BRA","South America","Americas","Miracatu (Sao Paulo state)","","","","","","","","","","","","","","2000","4","3","2000","4","3","17","","","","","","","","","","","58.84064849175","","","",""
"2000-0646-BRA","2000","0646","","Technological","Technological","Transport accident","Road","","","Brazil","BRA","South America","Americas","Tabosa region","","","","","","","","","","","","","","2000","10","3","2000","10","3","11","35","","","35","","","","","","","58.84064849175","","","",""
"2000-0802-BRA","2000","0802","","Technological","Technological","Transport accident","Road","","","Brazil","BRA","South America","Americas","Minas Gerais state","","","","","","","","","","","","","","2000","12","17","2000","12","17","10","19","","","19","","","","","","","58.84064849175","","","",""
"2000-0808-BRA","2000","0808","","Technological","Technological","Transport accident","Road","","","Brazil","BRA","South America","Americas","Near Recife","","","","","No","No","","","","","","","","2000","12","19","2000","12","19","14","2","","","2","","","","","","","58.84064849175","","","",""
"2000-0820-BRA","2000","0820","","Technological","Technological","Transport accident","Water","","Princesa Amanda","Brazil","BRA","South America","Americas","Solimoes river (near Manaus)","","","","","No","No","","","","","","","","2000","11","25","2000","11","25","29","","54","","54","","","","","","","58.84064849175","","","",""
"2000-0468-BRA","2000","0468","","Technological","Technological","Transport accident","Rail","","","Brazil","BRA","South America","Americas","Sao Paulo","","","","","","","","","","","","","","2000","7","28","2000","7","28","12","110","","","110","","","","","","","58.84064849175","","","",""
"2000-0115-BRA","2000","0115","","Technological","Technological","Industrial accident","Chemical spill","","Petrobas refinery","Brazil","BRA","South America","Americas","Guanabara Bay (Rio de Janeiro)","","","","","","","","","m3","","","","","2000","1","18","2000","1","18","","","","","","","","","","","","58.84064849175","","","",""
"2000-0340-BRA","2000","0340","","Technological","Technological","Miscellaneous accident","Fire","","Garderie d'enfants","Brazil","BRA","South America","Americas","Uruguaiana (Rio Grande state)","","","","","","","","","","","","","","2000","6","20","2000","6","20","12","","","","","","","","","","","58.84064849175","","","",""
"2000-0466-BRA","2000","0466","","Natural","Hydrological","Landslide","Mudslide","","","Brazil","BRA","South America","Americas","Alagoas, Pernambuco provinces","","","","","","","","","","","","","","2000","7","30","2000","8","17","60","","","143000","143000","","","","","75000","127463","58.84064849175","1","666;681","","Alagoas, Pernambuco (Adm1). "
"2001-0110-BRA","2001","0110","","Technological","Technological","Industrial accident","Explosion","","Plate-forme Petrobas","Brazil","BRA","South America","Americas","Campos","","","","","","","","","m3","","","","","2001","3","15","2001","3","15","11","","","","","","","","","","","60.503578885306","","","",""
"2001-0696-BRA","2001","0696","","Natural","Hydrological","Flood","Flash flood","","","Brazil","BRA","South America","Americas","Rio de Janeiro city (Rio de Janeiro district, Rio de Janeiro province), Petropolis, Paracambi, Duque de Caxias, Belford Roxo, Niteori, Japeri, Bom Jardim districts (Rio de Janeiro province)","Brief torrential rain","Slide (land, mud, snow, rock)","","","","","230","9990","Km2","","","","","2001","12","24","2001","12","25","50","196","1750","","1946","","","","","45000","74376","60.503578885306","2","","9903;9904;9919;9929;9941;9944;9948;9961","Belford Roxo, Bom Jardim, Duque De Caxias, Japeri, Niteroi, Paracambi, Petropolis, Rio De Janeiro (Adm2). "
"2001-0723-BRA","2001","0723","","Natural","Hydrological","Flood","Riverine flood","","","Brazil","BRA","South America","Americas","Jaguare, Rio Banal, Nova Venecia districts (Espirito Santo province), Minas Gerais province","Heavy rain","Slide (land, mud, snow, rock)","","","","Yes","","45210","Km2","","","","","2001","11","19","2001","11","23","12","","","5100","5100","","","","","","","60.503578885306","1;2","677","7169;7183;7190","Minas Gerais (Adm1). Jaguare, Nova Venecia, Rio Bananal (Adm2). "
"2001-0544-BRA","2001","0544","","Natural","Meteorological","Storm","Convective storm","Lightning/Thunderstorms","","Brazil","BRA","South America","Americas","Santa Catarina, Rio Grande do Sul, Sao Paulo, Parana provinces","","","","","","Yes","","","Kph","","","","","2001","9","29","2001","10","4","13","","","3400","3400","","","","","","","60.503578885306","1","680;685;688;689","","Parana, Rio Grande Do Sul, Santa Catarina, Sao Paulo (Adm1). "
"2001-0213-BRA","2001","0213","","Natural","Hydrological","Flood","Riverine flood","","","Brazil","BRA","South America","Americas","Cuiaba district (Mato Grosso province)","Heavy rain","","","","","","","5180","Km2","","","","Cuiba","2001","4","25","2001","4","26","23","","","4000","4000","","","","","","","60.503578885306","2","","7779","Cuiaba (Adm2). "
"2001-0119-BRA","2001","0119","","Technological","Technological","Transport accident","Road","","","Brazil","BRA","South America","Americas","Minas Gerais state","","","","","","","","","","","","","","2001","3","21","2001","3","21","12","1","","","1","","","","","","","60.503578885306","","","",""
"2001-0785-BRA","2001","0785","","Technological","Technological","Miscellaneous accident","Other","","Football stadium","Brazil","BRA","South America","Americas","Rio de Janeiro","","","","","No","No","","","","","","","","2001","1","","2001","1","","","170","","","170","","","","","","","60.503578885306","","","",""
"2001-9394-BRA","2001","9394","","Natural","Climatological","Drought","Drought","","","Brazil","BRA","South America","Americas","Pernambuco province","","","","","","Yes","","","Km2","","","","","2001","6","","2001","","","","","1000000","","1000000","","","","","","","60.503578885306","1","681","","Pernambuco (Adm1). "
"2001-0638-BRA","2001","0638","","Technological","Technological","Miscellaneous accident","Fire","","Discothèque ""Caneco Mineiro""","Brazil","BRA","South America","Americas","Belo Horizonte (Minas Gerais)","","","","","","","","","","","","","","2001","11","24","2001","11","24","6","341","","","341","","","","","5000","8264","60.503578885306","","","",""
"2002-0082-BRA","2002","0082","","Natural","Hydrological","Flood","Riverine flood","","","Brazil","BRA","South America","Americas","Teofilo Otoni district (Minas Gerais province)","Heavy rains","Slide (land, mud, snow, rock)","","","","","","2250","Km2","","","","Santo Antonio, Todos os Santos rivers","2002","2","3","2002","2","5","17","","","1500","1500","","","","","","","61.463188261191","2","","8676","Teofilo Otoni (Adm2). "
"2002-0403-BRA","2002","0403","","Natural","Hydrological","Flood","Riverine flood","","","Brazil","BRA","South America","Americas","Porto Alegre district (Rio Grande do Sul province)","Heavy rain","Broken Dam/Burst bank","","","","","","18940","Km2","","","","Rio Cai and Rio Sao Sebastiao","2002","6","12","2002","6","19","","","2000","","2000","","","","","","","61.463188261191","2","","10455","Porto Alegre (Adm2). "
"2002-0824-BRA","2002","0824","","Natural","Hydrological","Landslide","Mudslide","","","Brazil","BRA","South America","Americas","Angra Dos Reis district, Rio de Janeiro province","","Flood","","","","","","","","","","","","2002","12","9","2002","12","12","74","","","1500","1500","","","","","11000","17897","61.463188261191","2","","9895","Angra Dos Reis (Adm2). "
"2002-0154-BRA","2002","0154","","Natural","Biological","Epidemic","Viral disease","","Dengue","Brazil","BRA","South America","Americas","Rio de Janeiro state","","","","","No","No","","","Vaccinated","","","","","2002","1","1","2002","4","25","57","","317730","","317730","","","","","","","61.463188261191","","","",""
"2002-0554-BRA","2002","0554","","Technological","Technological","Transport accident","Air","","Embraer 120 Brasilia","Brazil","BRA","South America","Americas","Near Rio Branco (Acre state)","","","","","","","","","","","","","","2002","8","30","2002","8","30","23","8","","","8","","","","","","","61.463188261191","","","",""
"2002-0061-BRA","2002","0061","","Technological","Technological","Transport accident","Road","","","Brazil","BRA","South America","Americas","Para state","","","","","No","No","","","","","","","","2002","1","31","2002","1","31","12","","","","","","","","","","","61.463188261191","","","",""
"2002-0276-BRA","2002","0276","","Technological","Technological","Transport accident","Road","","","Brazil","BRA","South America","Americas","Franca region","","","","","","","","","","","","","","2002","5","9","2002","5","9","20","","","","","","","","","","","61.463188261191","","","",""
"2002-0642-BRA","2002","0642","","Technological","Technological","Transport accident","Road","","","Brazil","BRA","South America","Americas","Sergipe State","","","","","","","","","","","","","","2002","10","6","2002","10","6","27","17","","","17","","","","","","","61.463188261191","","","",""
"2002-0045-BRA","2002","0045","","Technological","Technological","Transport accident","Water","","","Brazil","BRA","South America","Americas","Amapa state coasts","","","","","No","No","","","","","","","","2002","1","26","2002","1","26","33","","","","","","","","","","","61.463188261191","","","",""
"2002-0784-BRA","2002","0784","","Technological","Technological","Transport accident","Water","","Boat ""Sap Luiz""","Brazil","BRA","South America","Americas","Para river (Amazonia, North)","","","","","No","No","","","","","","","","2002","12","18","2002","12","18","44","","","","","","","","","","","61.463188261191","","","",""
"2002-0868-BRA","2002","0868","","Technological","Technological","Miscellaneous accident","Explosion","","Fireworks","Brazil","BRA","South America","Americas","Cruz Das Almas (Bahia)","","","","","","","","","","","","","","2002","6","24","2002","6","24","1","158","","","158","","","","","","","61.463188261191","","","",""
"2002-9605-BRA","2002","9605","","Natural","Climatological","Drought","Drought","","","Brazil","BRA","South America","Americas","Minas Gerais, Paraiba, Rio Grande do Norte, Pernambuco, Piaui provinces","","","","","","Yes","","","Km2","","","","","2002","9","","2002","","","","","","","","","","","","","","61.463188261191","1","677;679;681;682;684","","Minas Gerais, Paraiba, Pernambuco, Piaui, Rio Grande Do Norte (Adm1). "
"2002-0830-BRA","2002","0830","","Natural","Hydrological","Landslide","Mudslide","","","Brazil","BRA","South America","Americas","Teresopolis district (Rio de Janeiro province)","","","","","","","","","","","","","","2002","12","21","2002","12","21","13","","","","","","","","","","","61.463188261191","2","","9979","Teresopolis (Adm2). "
"2003-0028-BRA","2003","0028","","Natural","Hydrological","Flood","Riverine flood","","","Brazil","BRA","South America","Americas","Rio de Janeiro, Sao Paulo, Minas Gerais, Santa Catarina, Espirito Santo provinces","Heavy rains","Slide (land, mud, snow, rock)","","Yes","","Yes","","6740","Km2","","","","","2003","1","14","2003","1","24","54","101","","10410","10511","","","","","","","62.858459500041","1","672;677;683;688;689","","Espirito Santo, Minas Gerais, Rio De Janeiro, Santa Catarina, Sao Paulo (Adm1). "
"2003-0036-BRA","2003","0036","","Technological","Technological","Transport accident","Road","","","Brazil","BRA","South America","Americas","Banabuiu (Ceara state)","","","","","No","No","","","","","","","","2003","1","21","2003","1","21","21","10","","","10","","","","","","","62.858459500041","","","",""
"2003-0154-BRA","2003","0154","","Technological","Technological","Industrial accident","Poisoning","","","Brazil","BRA","South America","Americas","Minas Gerais, Campos (Rio State)","","","","","No","No","","","m3","","","","","2003","4","1","2003","4","1","","","550000","","550000","","","","","","","62.858459500041","","","",""
"2003-0579-BRA","2003","0579","","Natural","Hydrological","Flood","Riverine flood","","","Brazil","BRA","South America","Americas","Baia Branca municipality (Mage district), Rio de Janeiro city (Rio de Janeiro district, Rio de Janeiro province), Seropedica, Sao Jao de Meriti, Duque de Caxias, Nova Iguacu districts (Rio de Janeiro province)","Heavy rains","Slide (land, mud, snow, rock)","","","","Yes","","","Km2","","","","","2003","11","29","2003","11","29","7","","2000","","2000","","","","","","","62.858459500041","2","","9919;9933;9943;9961;9968;9975","Duque De Caxias, Mage, Nova Iguacu, Rio De Janeiro, Sao Joao De Meriti, Seropedica (Adm2). "
"2003-0673-BRA","2003","0673","","Natural","Hydrological","Flood","Riverine flood","","","Brazil","BRA","South America","Americas","Permnambouc, Bahia, Piaui, Alagoas, Ceara, Sergipe, Sao Paulo, Minas Girais, Rio de Janeiro, Espirito Santo provinces","Heavy rains","Slide (land, mud, snow, rock)","","Yes","","","","","Km2","","","","","2003","12","","2004","2","19","161","470","","175000","175470","","","","","303000","482035","62.858459500041","1","666;669;670;672;677;681;682;683;689;690","","Alagoas, Bahia, Ceara, Espirito Santo, Minas Gerais, Pernambuco, Piaui, Rio De Janeiro, Sao Paulo, Sergipe (Adm1). "
"2003-0730-BRA","2003","0730","","Natural","Hydrological","Flood","Riverine flood","","","Brazil","BRA","South America","Americas","Belo Horizonte, Contagem, Raposos, Riberao das Neves districts (Minas Gerais province), Rio de Janeiro, Petropolis, Paty de Alferes, Niteroi , Engenheiro Paulo De Frontin districts (Rio de Janeiro province), Sao Paulo city (Sao Paulo district, Sao Paulo province)","Heavy rains","Slide (land, mud, snow, rock)","","","","","","75950","Km2","","","","Piabanka","2003","1","11","2003","2","4","29","","16000","","16000","","","","","","","62.858459500041","2","","7936;8076;8498;8507;9920;9941;9947;9948;9961;11543","Belo Horizonte, Contagem, Engenheiro Paulo De Frontin, Niteroi, Paty Do Alferes, Petropolis, Raposos, Ribeirao Das Neves, Rio De Janeiro, Sao Paulo (Adm2). "
"2003-0521-BRA","2003","0521","","Natural","Hydrological","Flood","Riverine flood","","","Brazil","BRA","South America","Americas","Rio Grande do Sul province","Heavy rains","","","","","Yes","","73220","Km2","","","","Jacul, Upper Ibicui","2003","10","27","2003","10","31","4","","","2000","2000","","","","","","","62.858459500041","1","685","","Rio Grande Do Sul (Adm1). "
"2003-0409-BRA","2003","0409","","Technological","Technological","Transport accident","Air","","Fusée","Brazil","BRA","South America","Americas","Alcantara","","","","","No","No","","","","","","","","2003","8","22","2003","8","22","21","20","","","20","","","","","","","62.858459500041","","","",""
"2003-0158-BRA","2003","0158","","Technological","Technological","Transport accident","Road","","","Brazil","BRA","South America","Americas","Near Campo Mourao","","","","","No","No","","","","","","","","2003","4","4","2003","4","4","22","7","","","7","","","","","","","62.858459500041","","","",""
"2003-0463-BRA","2003","0463","","Technological","Technological","Transport accident","Road","","","Brazil","BRA","South America","Americas","Near Brasilia","","","","","No","No","","","","","","","","2003","9","13","2003","9","13","14","73","","","73","","","","","","","62.858459500041","","","",""
"2003-0583-BRA","2003","0583","","Technological","Technological","Transport accident","Road","","","Brazil","BRA","South America","Americas","Near Aracaju","","","","","No","No","","","","","","","","2003","12","1","2003","12","1","15","22","","","22","","","","","","","62.858459500041","","","",""
"2003-0606-BRA","2003","0606","","Technological","Technological","Transport accident","Road","","","Brazil","BRA","South America","Americas","Diamantina (Minas Gerais state)","","","","","No","No","","","","","","","","2003","12","16","2003","12","16","21","41","","","41","","","","","","","62.858459500041","","","",""
"2003-0178-BRA","2003","0178","","Technological","Technological","Transport accident","Water","","","Brazil","BRA","South America","Americas","Near Papagayo Isl. (Rio de Janeiro state)","","","","","No","No","","","","","","","","2003","4","19","2003","4","19","15","","","","","","","","","","","62.858459500041","","","",""
"2003-0445-BRA","2003","0445","","Technological","Technological","Transport accident","Water","","Ferry ""Orlandina""","Brazil","BRA","South America","Americas","Madeira river, near Humaita (Rondonia state)","","","","","No","No","","","","","","","Madeira river","2003","8","16","2003","8","16","28","","42","","42","","","","","","","62.858459500041","","","",""
"2004-0236-BRA","2004","0236","","Natural","Hydrological","Flood","Riverine flood","","","Brazil","BRA","South America","Americas","Maceio district (Alagoas province)","Torrential rains","Slide (land, mud, snow, rock)","","","","Yes","","150","Km2","","","","","2004","6","1","2004","6","2","28","54","","2200","2254","","","","","370","573","64.541329281745","2","","6400","Maceio (Adm2). "
"2004-0131-BRA","2004","0131","","Natural","Meteorological","Storm","Tropical cyclone","","Catarina","Brazil","BRA","South America","Americas","Torres district (Rio Grande do Sul province), Ararangua district (Santa Catarina province)","","Surge","","","","","","150","Kph","","","","","2004","3","27","2004","3","29","4","60","150000","","150060","","","3000","4648","350000","542288","64.541329281745","2","","10574;10704","Ararangua, Torres (Adm2). "
"2004-0317-BRA","2004","0317","","Natural","Hydrological","Flood","Flash flood","","","Brazil","BRA","South America","Americas","Alagoa Grande city (Alagoa Grande district, Paraíba province)","Break/release of dam/levy","","","","","","","150","Km2","","","","Mamanguate","2004","6","17","2004","6","18","7","","3000","","3000","","","","","","","64.541329281745","2","","8869","Alagoa Grande (Adm2). "
"2004-0331-BRA","2004","0331","","Natural","Meteorological","Extreme temperature ","Cold wave","","","Brazil","BRA","South America","Americas","Santa Catarina, Parana provinces","","","","","","","","-7","°C","","","","","2004","7","","2004","7","","","","","","","","","","","","","64.541329281745","1","680;688","","Parana, Santa Catarina (Adm1). "
"2004-0210-BRA","2004","0210","","Technological","Technological","Transport accident","Air","","","Brazil","BRA","South America","Americas","Near Manaus (Amazonia)","","","","","No","No","","","","","","","","2004","5","14","2004","5","14","33","","","","","","","","","","","64.541329281745","","","",""
"2004-0069-BRA","2004","0069","","Technological","Technological","Transport accident","Road","","","Brazil","BRA","South America","Americas","Near Barro","","","","","No","No","","","","","","","","2004","2","21","2004","2","21","40","","","","","","","","","","","64.541329281745","","","",""
"2004-0204-BRA","2004","0204","","Technological","Technological","Transport accident","Road","","","Brazil","BRA","South America","Americas","Parana state","","","","","No","No","","","","","","","","2004","5","11","2004","5","11","12","29","","","29","","","","","","","64.541329281745","","","",""
"2004-0487-BRA","2004","0487","","Technological","Technological","Transport accident","Road","","","Brazil","BRA","South America","Americas","Erechim","","","","","No","No","","","","","","","","2004","9","22","2004","9","22","14","","","","","","","","","","","64.541329281745","","","",""
"2004-0557-BRA","2004","0557","","Technological","Technological","Transport accident","Road","","","Brazil","BRA","South America","Americas","Goias state","","","","","No","No","","","","","","","","2004","11","10","2004","11","10","18","","","","","","","","","","","64.541329281745","","","",""
"2004-0646-BRA","2004","0646","","Technological","Technological","Transport accident","Road","","","Brazil","BRA","South America","Americas","Rio de Grande do Norte","","","","","No","No","","","","","","","","2004","12","19","2004","12","19","19","30","","","30","","","","","","","64.541329281745","","","",""
"2004-0485-BRA","2004","0485","","Technological","Technological","Transport accident","Water","","Boat ""Princesa Laura""","Brazil","BRA","South America","Americas","Near Manaus","Stormy weather","","","","No","No","","","","","","","","2004","9","20","2004","9","20","14","","","","","","","","","","","64.541329281745","","","",""
"2004-0699-BRA","2004","0699","","Technological","Technological","Miscellaneous accident","Collapse","","Roof of school","Brazil","BRA","South America","Americas","Natal (Rio Grande do Norte)","","","","","No","No","","","","","","","","2004","6","19","2004","6","19","80","","","","","","","","","","","64.541329281745","","","",""
"2004-0701-BRA","2004","0701","","Technological","Technological","Miscellaneous accident","Collapse","","Nightclub","Brazil","BRA","South America","Americas","Guarulhos","","","","","No","No","","","","","","","","2004","8","29","2004","8","29","6","117","","","117","","","","","","","64.541329281745","","","",""
"2004-9705-BRA","2004","9705","","Natural","Climatological","Drought","Drought","","","Brazil","BRA","South America","Americas","Rio Grande Do Sul, Paraiba, Ceara, Piaui, Sergipe, Alagoas, Bahia, Rio Grande do Norte, Pernambuco provinces","Lack of rain","","","","","","","","Km2","","","","","2004","12","","2005","3","","","","","","","","","","","1650000","2556501","64.541329281745","1","666;669;670;679;681;682;684;685;690","","Alagoas, Bahia, Ceara, Paraiba, Pernambuco, Piaui, Rio Grande Do Norte, Rio Grande Do Sul, Sergipe (Adm1). "
"2005-0054-BRA","2005","0054","","Natural","Hydrological","Flood","Riverine flood","","","Brazil","BRA","South America","Americas","Aracatuba, Jales, Glicerio, Sao Jose do Rio Preto, Rio Claro districts (Sao Paulo province), Unai district (Minas Gerais province)","Torrential rains","Slide (land, mud, snow, rock)","","","","","","184290","Km2","","","","Corumbatai","2005","1","29","2005","2","11","19","","","10000","10000","","","","","","","66.731057986203","2","","8697;11010;11176;11262;11472;11537","Aracatuba, Glicerio, Jales, Rio Claro, Sao Jose Do Rio Preto, Unai (Adm2). "
"2005-0003-BRA","2005","0003","","Natural","Meteorological","Storm","Convective storm","Tornado","","Brazil","BRA","South America","Americas","Criciuma district (Santa Catarina province)","","","","","","","","200","Kph","","","","","2005","1","3","2005","1","3","2","4","","340","344","","","","","","","66.731057986203","2","","10760","Criciuma (Adm2). "
"2005-0248-BRA","2005","0248","","Technological","Technological","Miscellaneous accident","Other","","Platform","Brazil","BRA","South America","Americas","Varzea Grande (Mato Grosso state)","","","","","No","No","","","","","","","","2005","5","14","2005","5","14","","600","","","600","","","","","","","66.731057986203","","","",""
"2005-0296-BRA","2005","0296","","Natural","Hydrological","Flood","Riverine flood","","","Brazil","BRA","South America","Americas","Recife, Vitoria de Santo Antao, Jaboatao dos Guararapes districts (Pernambuco province)","Heavy rains","Slide (land, mud, snow, rock)","","","","Yes","","6050","Km2","","","","","2005","6","1","2005","6","4","28","","31000","","31000","","","","","","","66.731057986203","2","","9576;9621;9672","Jaboatao Dos Guararapes, Recife, Vitoria De Santo Antao (Adm2). "
"2005-0293-BRA","2005","0293","","Technological","Technological","Transport accident","Road","","","Brazil","BRA","South America","Americas","Pernambouc state ","","","","","No","No","","","","","","","","2005","6","2","2005","6","2","17","","","","","","","","","","","66.731057986203","","","",""
"2005-0486-BRA","2005","0486","","Technological","Technological","Transport accident","Water","","","Brazil","BRA","South America","Americas","Near coast of Maranhao state","","","","","No","No","","","","","","","","2005","9","1","2005","9","1","29","","","","","","","","","","","66.731057986203","","","",""
"2005-0555-BRA","2005","0555","","Technological","Technological","Transport accident","Water","","","Brazil","BRA","South America","Americas","Near Urucurituba","","","","","No","No","","","","","","","","2005","9","29","2005","9","29","20","","42","","42","","","","","","","66.731057986203","","","",""
"2005-9569-BRA","2005","9569","","Natural","Climatological","Drought","Drought","","","Brazil","BRA","South America","Americas","Manaquiri, Atalaia Do Norte, Anori, Caapiranga districts (Amazonas province)","Lack of rain","","","","","","","","Km2","","","","","2005","10","","2005","10","","","","","","","","","","","","","66.731057986203","2","","6475;6477;6486;6508","Anori, Atalaia Do Norte, Caapiranga, Manaquiri (Adm2). "
"2006-0038-BRA","2006","0038","","Natural","Hydrological","Flood","Flash flood","","","Brazil","BRA","South America","Americas","Rio de Janeiro district (Rio de Janeiro province)","Brief torrential rain","","","","","","","9335","Km2","-22.56","-43.36","","","2006","1","27","2006","1","30","12","","","","","","","","","","","68.883758712346","2","","9961","Rio De Janeiro (Adm2). "
"2006-0201-BRA","2006","0201","","Natural","Hydrological","Flood","Riverine flood","","","Brazil","BRA","South America","Americas","Maraba, Porto de Moz, Capitao Poco, Almeirim, Anajas districts (Para province)","Torrential rains","","","","","Yes","","1164000","Km2","2.81","-52.29","","Amazon tributaries: Tocantins, Xingu, Tapajos","2006","3","25","2006","4","23","8","","116000","","116000","","","","","","","68.883758712346","2","","8730;8732;8758;8789;8819","Almeirim, Anajas, Capitao Poco, Maraba, Porto De Moz (Adm2). "
"2006-0160-BRA","2006","0160","","Technological","Technological","Transport accident","Air","","Turbopropulseur","Brazil","BRA","South America","Americas","Sierra de Sao Joao ","","","","","No","No","","","","","","","","2006","4","1","2006","4","1","19","","","","","","","","","","","68.883758712346","","","",""
"2006-0519-BRA","2006","0519","","Technological","Technological","Transport accident","Air","","Boeing 737","Brazil","BRA","South America","Americas","Amazonia","Collision with business plane Legacy","","","","","","","","","","","","","2006","9","29","2006","9","29","155","","","","","","","","","","","68.883758712346","","","",""
"2006-0036-BRA","2006","0036","","Technological","Technological","Transport accident","Road","","","Brazil","BRA","South America","Americas","Sau Paulo","","","","","No","No","","","","","","","","2006","1","22","2006","1","23","33","","","","","","","","","","","68.883758712346","","","",""
"2007-0003-BRA","2007","0003","FL-2007-000004","Natural","Hydrological","Flood","Flash flood","","","Brazil","BRA","South America","Americas","Sumidouro municipality (Sumidouro district, Rio de Janeiro province), Nova Friburgo municipality (Nova Friburgo district, Rio de Janeiro province), Petropolis, Teresopolis, Queimados districts (Rio de Janeiro province), Jundiai district (Sao Paulo province), Minas Gerais, Espirito Santo provinces","Heavy rain","Slide (land, mud, snow, rock)","","","","Yes","","210600","Km2","-22.42","-44","","Paraiba do Sul, Fuba, Muriae","2007","1","1","2007","1","12","59","80","200000","","200080","","","","","125000","176432","70.848792703253","1;2","672;677","9942;9948;9954;9977;9979;11274","Espirito Santo, Minas Gerais (Adm1). Jundiai, Nova Friburgo, Petropolis, Queimados, Sumidouro, Teresopolis (Adm2). "
"2007-0015-BRA","2007","0015","","Natural","Hydrological","Landslide","Mudslide","","","Brazil","BRA","South America","Americas","Mirai, Muriae districts (Minas Gerais province)","Dam break","","","","","","","","","","","","","2007","1","10","2007","1","10","","","5000","","5000","","","","","","","70.848792703253","2","","8357;8377","Mirai, Muriae (Adm2). "
"2007-0528-BRA","2007","0528","","Natural","Hydrological","Flood","Riverine flood","","","Brazil","BRA","South America","Americas","Mesquita (Nova Iguaçu district, Rio de Janeiro province), Guaratiba city (Rio de Janeiro district, Rio de Janeiro province), Duque de Caxias, Sao Joao de Meriti, Nilopolis, Belford Roxo, Queimados districts (Rio de Janeiro province)","Heavy rain","Slide (land, mud, snow, rock)","","","","","","730","Km2","-22.72","-43.42","","","2007","10","24","2007","10","27","6","","2272","","2272","","","","","","","70.848792703253","2","","9903;9919;9940;9943;9954;9961;9968","Belford Roxo, Duque De Caxias, Nilopolis, Nova Iguacu, Queimados, Rio De Janeiro, Sao Joao De Meriti (Adm2). "
"2007-0653-BRA","2007","0653","","Natural","Geophysical","Earthquake","Ground movement","","","Brazil","BRA","South America","Americas","Itacarambi, Januaria, Manga, Varzelandia districts (Minas Gerais province)","","","","","","","","5","Richter","-15.048","-44.231","","","2007","12","9","2007","12","9","1","6","280","","286","","","","","","","70.848792703253","2","","8235;8269;8323;8708","Itacarambi, Januaria, Manga, Varzelandia (Adm2). "
"2007-0285-BRA","2007","0285","","Technological","Technological","Transport accident","Air","","Airbus A320","Brazil","BRA","South America","Americas","Near airport of Conhongas (Sao Paulo)","Technical problems and human factors","","","","","","","","","","","","","2007","7","17","2007","7","17","199","17","","","17","","","","","","","70.848792703253","","","",""
"2007-9514-BRA","2007","9514","","Natural","Climatological","Drought","Drought","","","Brazil","BRA","South America","Americas","Ceara, Piaui, Maranhao, Tocantins, Minas Gerais provinces","Lack of rain from last six months","","","","","Yes","","","Km2","","","","","2007","10","","2007","","","","","1000000","","1000000","","","","","","","70.848792703253","1","670;674;677;682;691","","Ceara, Maranhao, Minas Gerais, Piaui, Tocantins (Adm1). "
"2007-0465-BRA","2007","0465","","Natural","Hydrological","Flood","","","","Brazil","BRA","South America","Americas","Rio Grande do Sul province","Heavy rain","","","","","","","127400","Km2","-30.25","-52.67","","","2007","9","24","2007","9","30","4","","4000","","4000","","","","","","","70.848792703253","1","685","","Rio Grande Do Sul (Adm1). "
"2008-0016-BRA","2008","0016","FL-2008-000010","Natural","Hydrological","Flood","Riverine flood","","","Brazil","BRA","South America","Americas","Cajati, Peruibe, Jacupiranga, Sao Jose dos Campos, Itariri, Pariquera-acu, Miracatu, Juquia, Iguape, Eldorado districts (Sao Paulo province)","Storm and heavy rains","Slide (land, mud, snow, rock)","","","","Yes","","23020","Km2","-24.5","-47.88","","Ribeira","2008","1","12","2008","1","16","4","","48071","1435","49506","","","","","","","73.568745535505","2","","11083;11143;11212;11247;11260;11276;11318;11387;11404;11538","Cajati, Eldorado, Iguape, Itariri, Jacupiranga, Juquia, Miracatu, Pariquera-acu, Peruibe, Sao Jose Dos Campos (Adm2). "
"2008-0041-BRA","2008","0041","FL-2008-000010","Natural","Hydrological","Flood","Riverine flood","","","Brazil","BRA","South America","Americas","Itaipava city (Petrópolis district, Rio De Janeiro province)","Brief torrential rains","Slide (land, mud, snow, rock)","","","","Yes","100","290","Km2","-22.37","-43.13","","","2008","2","2","2008","2","6","9","12","12858","","12870","","","","","","","73.568745535505","2","","9948","Petropolis (Adm2). "
"2008-0125-BRA","2008","0125","FL-2008-000045","Natural","Hydrological","Flood","Riverine flood","","","Brazil","BRA","South America","Americas","Paraiba, Piaui, Rio Grande do Norte, Maranhao, Pernambuco, Ceara provinces","Heavy rain","Slide (land, mud, snow, rock)","","Yes","","Yes","","1120000","Km2","-5.36","-41.68","","Paraiba, Parnaiba, Piranhas, Apodi","2008","3","30","2008","4","4","36","","190000","","190000","","","","","360000","489338","73.568745535505","1","670;674;679;681;682;684","","Ceara, Maranhao, Paraiba, Pernambuco, Piaui, Rio Grande Do Norte (Adm1). "
"2008-0549-BRA","2008","0549","","Natural","Hydrological","Flood","Riverine flood","","","Brazil","BRA","South America","Americas","Blumenau, Ilhota, Gaspar, Jaragua do Sul, Sao Bonifacio, Sao Joao da Bastida, Rio dos Cedros, Garuva, Itapoa, Benedito Novo, Luiz Alves districts (Santa Catarina province)","Torrential rains","Slide (land, mud, snow, rock)","","","","Yes","426","103400","Km2","-25.1","-49.34","","Itajai river","2008","11","22","2008","11","24","151","15","1500000","","1500015","538000","731289","470000","638858","750000","1019455","73.568745535505","2","","10720;10722;10780;10781;10795;10814;10819;10835;10902;10923;10928","Benedito Novo, Blumenau, Garuva, Gaspar, Ilhota, Itapoa, Jaragua Do Sul, Luiz Alves, Rio Dos Cedros, Sao Bonifacio, Sao Joao Batista (Adm2). "
"2008-0346-BRA","2008","0346","","Natural","Meteorological","Storm","Extra-tropical storm","","","Brazil","BRA","South America","Americas","Santa Catarina state, Rio Grande do Sul provinces","","","","","","Yes","","","Kph","","","","","2008","5","6","2008","5","6","3","","","1600","1600","","","","","","","73.568745535505","1","685;688","","Rio Grande Do Sul, Santa Catarina (Adm1). "
"2008-0065-BRA","2008","0065","EP-2008-000042","Natural","Biological","Epidemic","Viral disease","","Dengue and Hemorrhagic fever outbreaks","Brazil","BRA","South America","Americas","Rio de Janeiro, Angra do Reis, Campos dos Goytacasez, Nova Iguacu, Duque de Caxias municipalities","","","","","No","No","","","Vaccinated","","","","","2008","3","","2008","11","","123","","162701","","162701","","","","","","","73.568745535505","","","",""
"2008-0343-BRA","2008","0343","","Technological","Technological","Transport accident","Road","","","Brazil","BRA","South America","Americas","Between Sao Paulo and Belo Horizonte","","","","","No","No","","","","","","","","2008","8","20","2008","8","20","14","19","","","19","","","","","","","73.568745535505","","","",""
"2008-0419-BRA","2008","0419","","Technological","Technological","Transport accident","Road","","","Brazil","BRA","South America","Americas","Rondonio state","","","","","No","No","","","","","","","","2008","7","11","2008","7","11","16","","","","","","","","","","","73.568745535505","","","",""
"2008-0089-BRA","2008","0089","","Technological","Technological","Transport accident","Water","","","Brazil","BRA","South America","Americas","Near Nuevo Remanso (Amazonas state)","","","","","No","No","","","","","","","","2008","2","20","2008","2","21","16","","","","","","","","","","","73.568745535505","","","",""
"2008-0186-BRA","2008","0186","","Technological","Technological","Transport accident","Water","","","Brazil","BRA","South America","Americas","Near Manacupuru (Amazonia)","","","","","No","No","","","","","","","","2008","5","4","2008","5","4","45","","70","","70","","","","","","","73.568745535505","","","",""
"2009-0163-BRA","2009","0163","FL-2009-000089","Natural","Hydrological","Flood","Riverine flood","","","Brazil","BRA","South America","Americas","Maranhao, Ceara, Alagoas, Para, Paraiba, Pernambuco, Bahia, Amazonas, Santa Catarina, Piaui, Rio Grande do Norte provinces","Heavy rain","Slide (land, mud, snow, rock)","Broken Dam/Burst bank","Yes","","Yes","768","524400","Km2","-3.19","-45.43","","","2009","4","22","2009","5","14","56","","1150900","","1150900","","","","","550000","750268","73.307176721939","1","666;668;669;670;674;678;679;681;682;684;688","","Alagoas, Amazonas, Bahia, Ceara, Maranhao, Para, Paraiba, Pernambuco, Piaui, Rio Grande Do Norte, Santa Catarina (Adm1). "
"2009-0017-BRA","2009","0017","","Natural","Hydrological","Flood","Riverine flood","","","Brazil","BRA","South America","Americas","Rio de Janeiro, Cachoeiras de Macacu, Nova Friburgo, Angra dos Reis districts (Rio de Janeiro province), Minas Gerais province","Heavy rains","Slide (land, mud, snow, rock)","","","","","","1186000","Km2","-16.59","-44.89","","","2009","1","20","2009","1","27","16","","1048","","1048","","","","","","","73.307176721939","1;2","677","9895;9907;9942;9961","Minas Gerais (Adm1). Angra Dos Reis, Cachoeiras De Macacu, Nova Friburgo, Rio De Janeiro (Adm2). "
"2009-0207-BRA","2009","0207","","Natural","Hydrological","Flood","Riverine flood","","","Brazil","BRA","South America","Americas","Cocal district (Piaui province)","Heavy rain","Broken Dam/Burst bank","","","","","","","Km2","","","","","2009","5","28","2009","5","28","4","","","2500","2500","","","","","","","73.307176721939","2","","9729","Cocal (Adm2). "
"2009-0128-BRA","2009","0128","EP-2009-000059","Natural","Biological","Epidemic","Viral disease","","Dengue","Brazil","BRA","South America","Americas","Acre, Roraima, Espiritu Santo, Bahia, Mato Grosso, Minas Gerais states","","","","","No","No","","","Vaccinated","","","","","2009","","","2009","3","31","23","","126139","","126139","","","","","","","73.307176721939","","","",""
"2009-0068-BRA","2009","0068","","Technological","Technological","Transport accident","Air","","Embraer Bandeirante EMB-110P1","Brazil","BRA","South America","Americas","Between Santo Antonio Isl. and Montecristo Isl. (Amazonia)","","","","","No","No","","","","","","","","2009","2","7","2009","2","7","24","","4","","4","","","","","","","73.307176721939","","","",""
"2009-0201-BRA","2009","0201","","Technological","Technological","Transport accident","Air","","King Air 350","Brazil","BRA","South America","Americas","Trancoso (Bahia state)","","","","","No","No","","","","","","","","2009","5","22","2009","5","22","14","","","","","","","","","","","73.307176721939","","","",""
"2009-0214-BRA","2009","0214","","Technological","Technological","Transport accident","Air","","Airbus A 330-230","Brazil","BRA","South America","Americas","Between Rio and Paris, Atlantique","","","","","No","No","","","","","","","","2009","6","1","2009","6","1","228","","","","","","","","","","","73.307176721939","","","",""
"2009-0034-BRA","2009","0034","","Technological","Technological","Miscellaneous accident","Collapse","","Church","Brazil","BRA","South America","Americas","Cambuci (Sao Paulo)","","","","","No","No","","","","","","","","2009","1","18","2009","1","18","9","100","","","100","","","","","","","73.307176721939","","","",""
"2009-0600-BRA","2009","0600","","Natural","Hydrological","Landslide","Mudslide","","","Brazil","BRA","South America","Americas","Iiha Grande Island (Angra dos Reis district, Rio de Janeiro province), Juiz de Fora district (Minas Gerais province)","Heavy rains","Flood","Rain","","","","","55640","","-22.98","-44.07","","","2009","12","31","2010","1","28","74","","1000","","1000","","","","","145000","197798","73.307176721939","2","","8289;9895","Angra Dos Reis, Juiz De Fora (Adm2). "
"2009-0356-BRA","2009","0356","","Natural","Meteorological","Storm","Convective storm","Severe storm","","Brazil","BRA","South America","Americas","Sao Paulo, Santa Catarina provinces","","Slide (land, mud, snow, rock)","","","","","","","Kph","","","","","2009","9","9","2009","9","9","4","64","1850","450","2364","","","","","","","73.307176721939","1","688;689","","Santa Catarina, Sao Paulo (Adm1). "
"2009-0512-BRA","2009","0512","","Natural","Hydrological","Flood","Riverine flood","","","Brazil","BRA","South America","Americas","Tres Rios, Tangua, Belford Roxo, Duque de Caxias, Valenca, Nova Iguacu, Natividade districts (Rio de Janeiro province)","Torrential rain","Slide (land, mud, snow, rock)","","","","Yes","","47900","Km2","-22.54","-43.12","","","2009","11","12","2009","11","13","3","","","200","200","","","","","","","73.307176721939","2","","9903;9919;9939;9943;9978;9981;9982","Belford Roxo, Duque De Caxias, Natividade, Nova Iguacu, Tangua, Tres Rios, Valenca (Adm2). "
"2009-0238-BRA","2009","0238","","Natural","Hydrological","Flood","Riverine flood","","","Brazil","BRA","South America","Americas","Manaus city (Manaus district, Amazonas province)","Torrential rains","","","","","","","","Km2","","","","Rio Negro","2009","6","20","2009","6","21","","","18000","","18000","","","","","","","73.307176721939","2","","6509","Manaus (Adm2). "
"2009-0531-BRA","2009","0531","FL-2009-000248","Natural","Hydrological","Flood","Riverine flood","","","Brazil","BRA","South America","Americas","Rio Grande do Sul province","Torrential rain","","","","","","","","Km2","56.4778","31.26","","","2009","11","21","2009","11","30","11","","10000","","10000","","","","","50000","68206","73.307176721939","1","685","","Rio Grande Do Sul (Adm1). "
"2009-0560-BRA","2009","0560","","Natural","Hydrological","Flood","Riverine flood","","","Brazil","BRA","South America","Americas","Espirito Santo province","Intense rainfall","","","","","","","","Km2","","","","","2009","11","2","2009","11","2","","","680000","","680000","","","","","","","73.307176721939","1","672","","Espirito Santo (Adm1). "
"2010-0147-BRA","2010","0147","FL-2010-000067","Natural","Hydrological","Flood","Riverine flood","","","Brazil","BRA","South America","Americas","Niteroi, Sao Goncalo, Rio de Janeiro districts (Rio de Janeiro province)","Heavy rains","Slide (land, mud, snow, rock)","","Yes","","","151","","Km2","-22.44","-43.33","","","2010","4","4","2010","4","12","256","403","74535","","74938","","","","","200000","268422","74.509444078196","2","","9941;9961;9966","Niteroi, Rio De Janeiro, Sao Goncalo (Adm2). "
"2010-0248-BRA","2010","0248","","Natural","Hydrological","Flood","Riverine flood","","","Brazil","BRA","South America","Americas","Alagoas, Pernambuco provinces","Heavy rains","Slide (land, mud, snow, rock)","","Yes","","Yes","125","","Km2","","","","","2010","6","19","2010","6","23","72","","157000","","157000","","","","","602000","807951","74.509444078196","1","666;681","","Alagoas, Pernambuco (Adm1). "
"2010-0674-BRA","2010","0674","","Natural","Hydrological","Flood","Riverine flood","","","Brazil","BRA","South America","Americas","Minas Gerais, Rio de Janeiro, Sao Paulo provinces","Heavy rains","Broken Dam/Burst bank","","","","Yes","714","","Km2","","","","","2010","11","","2011","1","","35","","","13000","13000","","","","","","","74.509444078196","1","677;683;689","","Minas Gerais, Rio De Janeiro, Sao Paulo (Adm1). "
"2010-0057-BRA","2010","0057","","Natural","Meteorological","Extreme temperature ","Heat wave","","","Brazil","BRA","South America","Americas","Cariocas borough (Nova Lima district, Minas Gerais province), Santos district (Sao Paulo province); Rio de Janeiro","","","","","","","","46","°C","","","","","2010","2","","2010","2","","32","","","","","","","","","","","74.509444078196","1;2","683","8390;11523","Rio De Janeiro (Adm1). Nova Lima, Santos (Adm2). "
"2010-0680-BRA","2010","0680","","Natural","Biological","Epidemic","Viral disease","","Dengue","Brazil","BRA","South America","Americas","","","","","","No","No","","","Vaccinated","","","","","2011","1","","2011","","","","","942153","","942153","","","","","","","74.509444078196","","","",""
"2010-0013-BRA","2010","0013","","Technological","Technological","Transport accident","Road","","","Brazil","BRA","South America","Americas","Minas Gerais state","","","","","No","No","","","","","","","","2010","1","8","2010","1","8","13","","","","","","","","","","","74.509444078196","","","",""
"2010-0549-BRA","2010","0549","","Technological","Technological","Transport accident","Road","","","Brazil","BRA","South America","Americas","Minas Gerais","","","","","No","No","","","","","","","","2010","10","17","2010","10","17","11","23","","","23","","","","","","","74.509444078196","","","",""
"2010-0477-BRA","2010","0477","","Technological","Technological","Transport accident","Water","","","Brazil","BRA","South America","Americas","Sobardinho lake (Bahia state)","","","","","No","No","","","","","","","","2010","9","14","2010","9","14","11","","6","","6","","","","","","","74.509444078196","","","",""
"2010-9556-BRA","2010","9556","","Natural","Climatological","Drought","Drought","","","Brazil","BRA","South America","Americas","Amazonas province","","","","","","Yes","","","Km2","","","","","2010","10","","2010","","","","","62000","","62000","","","","","","","74.509444078196","1","668","","Amazonas (Adm1). "
"2011-0014-BRA","2011","0014","FL-2011-000002","Natural","Hydrological","Flood","Riverine flood","","","Brazil","BRA","South America","Americas","Nova Friburgo, Petropolis, Teresopolis districts (Rio De Janeiro province)","Heavy rains","Slide (land, mud, snow, rock)","","Yes","","Yes","236","587384","Km2","","","","","2011","1","11","2011","1","12","900","","45000","","45000","","","50000","65052","1000000","1301040","76.86159537782","2","","9942;9948;9979","Nova Friburgo, Petropolis, Teresopolis (Adm2). "
"2011-0086-BRA","2011","0086","","Natural","Hydrological","Flood","Riverine flood","","","Brazil","BRA","South America","Americas","Santa Cartarina, Parana, Espirito Santo, Mato Grosso, Mato Grosso do Sul, Rio Grande Do Sul province","Heavy rains","Slide (land, mud, snow, rock)","","","","","","12444","Km2","-23.783","-48.16","","","2011","3","12","2011","3","18","10","","31000","","31000","","","","","","","76.86159537782","1","672;675;676;680;685;688","","Espirito Santo, Mato Grosso, Mato Grosso Do Sul, Parana, Rio Grande Do Sul, Santa Catarina (Adm1). "
"2011-0142-BRA","2011","0142","","Natural","Hydrological","Flood","Riverine flood","","","Brazil","BRA","South America","Americas","Rio Grande do Sul province","Torrential rain","Slide (land, mud, snow, rock)","","","","","","306993","Km2","-28.28","-52.91","","","2011","4","21","2011","4","24","12","","31600","","31600","","","","","","","76.86159537782","1","685","","Rio Grande Do Sul (Adm1). "
"2011-0187-BRA","2011","0187","","Natural","Hydrological","Flood","Riverine flood","","","Brazil","BRA","South America","Americas","Pernambuco province","Torrential rain","Slide (land, mud, snow, rock)","","","","Yes","","288020","Km2","","","","","2011","5","8","2011","5","11","2","","","13000","13000","","","","","","","76.86159537782","1","681","","Pernambuco (Adm1). "
"2011-0213-BRA","2011","0213","","Natural","Hydrological","Flood","Riverine flood","","","Brazil","BRA","South America","Americas","Pernambuco, Paraiba, Rio Grande do Sul provinces","Torrential rains","Slide (land, mud, snow, rock)","","","","Yes","","200669","Km2","-8.65047","-38.11","","","2011","7","15","2011","7","19","15","","78000","","78000","","","","","","","76.86159537782","1","679;681;685","","Paraiba, Pernambuco, Rio Grande Do Sul (Adm1). "
"2011-0258-BRA","2011","0258","","Technological","Technological","Transport accident","Air","","","Brazil","BRA","South America","Americas","Near Recife","","","","","No","No","","","","","","","","2011","7","13","2011","7","13","16","","","","","","","","","","","76.86159537782","","","",""
"2011-0078-BRA","2011","0078","","Technological","Technological","Transport accident","Road","","","Brazil","BRA","South America","Americas","Near Descando (Santa Catarina state)","","","","","No","No","","","","","","","","2011","3","5","2011","3","5","26","","","","","","","","","","","76.86159537782","","","",""
"2011-0075-BRA","2011","0075","","Technological","Technological","Miscellaneous accident","Other","","","Brazil","BRA","South America","Americas","Bandeira (Minas Gerais state)","","","","","No","No","","","","","","","","2011","2","28","2011","2","28","16","","","","","","","","","","","76.86159537782","","","",""
"2011-0626-BRA","2011","0626","","Natural","Hydrological","Flood","Riverine flood","","","Brazil","BRA","South America","Americas","Minas Gerais, Espirito Santo, Rio de Janeiro provinces","Heavy rains","Slide (land, mud, snow, rock)","","","","","","","Km2","","","","","2011","12","","2012","1","","33","","","14000","14000","","","","","2000","2602","76.86159537782","1","672;677;683","","Espirito Santo, Minas Gerais, Rio De Janeiro (Adm1). "
"2011-0361-BRA","2011","0361","","Natural","Hydrological","Flood","Riverine flood","","","Brazil","BRA","South America","Americas","Santa Catarina province","","","","","","Yes","","","Km2","","","","","2011","9","","2011","9","","3","","1000000","","1000000","","","","","","","76.86159537782","1","688","","Santa Catarina (Adm1). "
"2011-0427-BRA","2011","0427","","Natural","Hydrological","Flood","Riverine flood","","","Brazil","BRA","South America","Americas","Rio Grande do Sul province","Heavy rains","","","","","","","129795","Km2","-30.34","-52.64","","","2011","7","23","2011","7","29","3","","","3000","3000","","","","","","","76.86159537782","1","685","","Rio Grande Do Sul (Adm1). "
"2011-0572-BRA","2011","0572","","Technological","Technological","Transport accident","Road","","","Brazil","BRA","South America","Americas","Bahia state","","","","","No","No","","","","","","","","2011","12","3","2011","12","3","36","13","","","13","","","","","","","76.86159537782","","","",""
"2012-0075-BRA","2012","0075","","Natural","Hydrological","Flood","Riverine flood","","","Brazil","BRA","South America","Americas","Acre province","Heavy rains","","","","","","","172063","Km2","-10.4897","-67.99","","Acre river","2012","2","20","2012","3","26","3","","80500","8500","89000","","","","","","","78.4521138829","1","665","","Acre (Adm1). "
"2012-0185-BRA","2012","0185","","Natural","Hydrological","Flood","Riverine flood","","","Brazil","BRA","South America","Americas","Alvaraes, Amatura, Anama, Anori, Autazes, Barcelos, Barreirinha, Benjamin Costant, Beruri, Careiro, Careiro Da Varzea, Coari, Codajas, Fonte Boa, Iranduba, Itacoatiara, Itapiranga, Jurua, Jutai, Manacapuru, Manaquiri, Manaus, Maraa, Nhamunda, Novo Airao, Parintins, Santa Isabel Do Rio Negro, Santo Antonio Do Ica, Sao Gabriel Da Cachoeira, Sao Paulo De Olivenca, Silves, Tabatinga, Tefe, Tonantins, Uarini, Urucara, Urucurituba districts (Amazonas province)","Heavy rains","","","","","Yes","","127883","Km2","","","","Negro, Solimoes rivers","2012","5","1","2012","5","20","","","210000","","210000","","","","","171000","217967","78.4521138829","2","","6472;6473;6474;6475;6478;6479;6480;6481;6482;6489;6490;6491;6492;6495;6499;6500;6502;6504;6505;6507;6508;6509;6511;6513;6515;6517;6521;6522;6523;6524;6526;6527;6529;6530;6531;6532;6533","Alvaraes, Amatura, Anama, Anori, Autazes, Barcelos, Barreirinha, Benjamin Constant, Beruri, Careiro, Careiro Da Varzea, Coari, Codajas, Fonte Boa, Iranduba, Itacoatiara, Itapiranga, Jurua, Jutai, Manacapuru, Manaquiri, Manaus, Maraa, Nhamunda, Novo Airao, Parintins, Santa Isabel Do Rio Negro, Santo Antonio Do Ica, Sao Gabriel Da Cachoeira, Sao Paulo De Olivenca, Silves, Tabatinga, Tefe, Tonantins, Uarini, Urucara, Urucurituba (Adm2). "
"2012-0169-BRA","2012","0169","","Technological","Technological","Transport accident","Road","","","Brazil","BRA","South America","Americas","","","","","","No","No","","","","","","","","2012","6","11","2012","6","12","15","","","","","","","","","","","78.4521138829","","","",""
"2012-0211-BRA","2012","0211","","Technological","Technological","Transport accident","Road","","","Brazil","BRA","South America","Americas","Parana state","","","","","No","No","","","","","","","","2012","7","16","2012","7","16","10","23","","","23","","","","","","","78.4521138829","","","",""
"2012-0212-BRA","2012","0212","","Technological","Technological","Transport accident","Road","","","Brazil","BRA","South America","Americas","Near Salvador de Bahia","","","","","No","No","","","","","","","","2012","7","","2012","7","","10","","","","","","","","","","","78.4521138829","","","",""
"2012-0244-BRA","2012","0244","","Technological","Technological","Transport accident","Road","","","Brazil","BRA","South America","Americas","Minas Gerais state","","","","","No","No","","","","","","","","2012","3","17","2012","3","17","15","","","","","","","","","","","78.4521138829","","","",""
"2012-0017-BRA","2012","0017","","Technological","Technological","Miscellaneous accident","Collapse","","Buidings","Brazil","BRA","South America","Americas","Rio","","","","","No","No","","","","","","","","2012","1","26","2012","1","26","39","6","","","6","","","","","","","78.4521138829","","","",""
"2012-9607-BRA","2012","9607","","Natural","Climatological","Drought","Drought","","","Brazil","BRA","South America","Americas","Minas Gerias, Pernambuco, Bahia provinces","","","","","","","","","Km2","","","","","2012","5","","2013","5","","","","4000000","","4000000","","","","","1460000","1861008","78.4521138829","1","669;677;681","","Bahia, Minas Gerais, Pernambuco (Adm1). "
"2013-0003-BRA","2013","0003","","Natural","Hydrological","Flood","Riverine flood","","","Brazil","BRA","South America","Americas","Xerem town (Duque De Caxias district, Rio de Janeiro province)","Heavy rains","Slide (land, mud, snow, rock)","","","","","","","Km2","","","","Pereque, Capiravi","2013","1","1","2013","1","20","4","","200000","","200000","","","","","2000","2513","79.601309423345","2","","9919","Duque De Caxias (Adm2). "
"2013-0077-BRA","2013","0077","","Natural","Hydrological","Flood","Riverine flood","","","Brazil","BRA","South America","Americas","Petropolis, Magaratiba, Niteroi, Angra dos Reis districts (Rio de Janeiro province) Xerem, Duque de Caxias towns (Duque de Caxais district, Rio de Janeiro province)","Torrential rains","Slide (land, mud, snow, rock)","","","","","","","Km2","","","","","2013","3","17","2013","3","18","30","44","1466","","1510","1510","1897","","","1500","1884","79.601309423345","2","","9895;9919;9934;9941;9948","Angra Dos Reis, Duque De Caxias, Mangaratiba, Niteroi, Petropolis (Adm2). "
"2013-0521-BRA","2013","0521","","Natural","Hydrological","Flood","Riverine flood","","","Brazil","BRA","South America","Americas","Belford Roxo, Duque de Caxias, Nilopolis, Nova Iguaçu, Queimados, Rio de Janeiro and Sao JoaoDe Meriti districts (Rio de Janeiro province)","Heavy rains","Slide (land, mud, snow, rock)","","","","Yes","","","Km2","","","","","2013","12","12","2013","12","12","2","","2000","","2000","","","","","","","79.601309423345","2","","9903;9919;9940;9943;9954;9961;9968","Belford Roxo, Duque De Caxias, Nilopolis, Nova Iguacu, Queimados, Rio De Janeiro, Sao Joao De Meriti (Adm2). "
"2013-0552-BRA","2013","0552","","Natural","Hydrological","Flood","Riverine flood","","","Brazil","BRA","South America","Americas","Espirito Santo, Minas Gerais provinces","Heavy rains","Slide (land, mud, snow, rock)","","","","Yes","","","Km2","-18.9538","-41.94","","","2013","12","17","2014","1","4","64","100","","43200","43300","","","","","540000","678381","79.601309423345","1","672;677","","Espirito Santo, Minas Gerais (Adm1). "
"2013-0519-BRA","2013","0519","","Natural","Hydrological","Flood","Riverine flood","","","Brazil","BRA","South America","Americas","Lajedinho district (Bahia province)","Violent thunderstorms","","","","","","","","Km2","","","","","2013","12","7","2013","12","10","19","","600","","600","","","","","2000","2513","79.601309423345","2","","6757","Lajedinho (Adm2). "
"2013-0408-BRA","2013","0408","","Natural","Meteorological","Storm","Convective storm","","","Brazil","BRA","South America","Americas","Taquarituba town (Taquarituba district, Sao Paulo province), Santa Catarina province","","","","","","","","","Kph","","","","","2013","9","21","2013","9","22","2","64","13800","","13864","","","","","90000","113063","79.601309423345","1;2","688","11580","Santa Catarina (Adm1). Taquarituba (Adm2). "
"2013-0180-BRA","2013","0180","","Technological","Technological","Transport accident","Water","","","Brazil","BRA","South America","Americas","Marajo Island (Amazonia)","","","","","No","No","","","","","","","","2013","4","19","2013","4","19","27","","41","","41","","","","","","","79.601309423345","","","",""
"2013-0050-BRA","2013","0050","","Technological","Technological","Miscellaneous accident","Fire","","Nightclub","Brazil","BRA","South America","Americas","Santa Maria (Rio Grande do Sul state)","","","","","No","No","","","","","","","","2013","1","26","2013","1","27","235","100","","","100","","","","","5000","6281","79.601309423345","","","",""
"2014-0002-BRA","2014","0002","","Natural","Hydrological","Flood","Flash flood","","","Brazil","BRA","South America","Americas","Itaoca, Apiai districts (Sao Paulo province)","Torrential rains","","","","","","","","Km2","","","","Palmital","2014","1","12","2014","1","13","20","","600","","600","","","","","","","80.892623722203","2","","11008;11234","Apiai, Itaoca (Adm2). "
"2014-0245-BRA","2014","0245","","Natural","Hydrological","Flood","Flash flood","","","Brazil","BRA","South America","Americas","Rio Grande do Sul","Heavy rains","","","","","","","","Km2","","","","Uruguay river","2014","7","3","2014","7","14","10","","50000","","50000","","","","","","","80.892623722203","1","685","","Rio Grande Do Sul (Adm1). "
"2014-0103-BRA","2014","0103","","Natural","Hydrological","Flood","Riverine flood","","","Brazil","BRA","South America","Americas","Rondonia, Acre provinces","Persistent rainfall","","","","","","","","Km2","","","","Madeira","2014","2","15","2014","3","","","","","67500","67500","","","","","200000","247241","80.892623722203","1","665;686","","Acre, Rondonia (Adm1). "
"2014-0188-BRA","2014","0188","FL-2014-000007","Natural","Hydrological","Flood","Riverine flood","","","Brazil","BRA","South America","Americas","Parana and Santa Catarina states","Heavy Rains","","","","","","","","Km2","","","","","2014","6","7","2014","6","30","11","52","500000","","500052","","","","","","","80.892623722203","1","680;688","","Parana, Santa Catarina (Adm1). "
"2014-0189-BRA","2014","0189","","Technological","Technological","Transport accident","Road","","","Brazil","BRA","South America","Americas","Canindé (Ceara state)","Lost control of vehicule","","","","No","No","","","","","","","","2014","5","18","2014","5","18","20","17","","","17","","","","","","","80.892623722203","","","",""
"2014-0427-BRA","2014","0427","","Technological","Technological","Transport accident","Road","","","Brazil","BRA","South America","Americas","Sao Paulo","","","","","No","No","","","","","","","","2014","10","28","2014","10","28","10","31","","","31","","","","","","","80.892623722203","","","",""
"2014-0328-BRA","2014","0328","","Technological","Technological","Transport accident","Water","","Boat 'Sueno del Pantanal'","Brazil","BRA","South America","Americas","Near Porto Murtinho","","","","","No","No","","","","","","","","2014","9","30","2014","9","30","11","","13","","13","","","","","","","80.892623722203","","","",""
"2014-9025-BRA","2014","9025","","Natural","Climatological","Drought","Drought","","","Brazil","BRA","South America","Americas","Alagoas, Bahia, Ceara, Maranhao, Paraiba, Pernambuco, Piaui, Rio Grande Do Norte, Sergipe provinces","Lack of rain 2012 and 2013, high temperatures","","","","","","","","Km2","","","","","2014","1","","2016","12","","","","27000000","","27000000","","","","","5000000","6181033","80.892623722203","1","666;669;670;674;679;681;682;684;690","","Alagoas, Bahia, Ceara, Maranhao, Paraiba, Pernambuco, Piaui, Rio Grande Do Norte, Sergipe (Adm1). "
"2014-0363-BRA","2014","0363","","Technological","Technological","Miscellaneous accident","Fire","","Favelas","Brazil","BRA","South America","Americas","Sao Paulo","","","","","No","No","","","","","","","","2014","10","2","2014","10","2","1","","","600","600","","","","","","","80.892623722203","","","",""
"2014-0557-BRA","2014","0557","","Technological","Technological","Miscellaneous accident","Fire","","Shanty town","Brazil","BRA","South America","Americas","Sao Paulo","","","","","No","No","","","","","","","","2014","9","8","2014","9","8","","","","2000","2000","","","","","","","80.892623722203","","","",""
"2015-0486-BRA","2015","0486","","Technological","Technological","Industrial accident","Collapse","","Dam - Samarco","Brazil","BRA","South America","Americas","Bento Rodrigues, Paracatu de Baixo, Gesteira (Mariana), Minas Gerais","","Slide (land, mud, snow, rock)","","","","","","40000000","m3","","","","Rio Doce","2015","11","5","2015","11","5","24","13","","637","650","","","","","","","80.988578990591","","","",""
"2015-0285-BRA","2015","0285","FL-2015-000092","Natural","Hydrological","Flood","","","","Brazil","BRA","South America","Americas","Parana, Santa Catarina provinces, Rio Grande do Sul province ","","Storm","","","","Yes","","115","Km2","-25.5689","-50.75","","Uruguay river","2015","7","10","2015","7","21","3","","283140","","283140","","","","","","","80.988578990591","1","680;685;688","","Parana, Rio Grande Do Sul, Santa Catarina (Adm1). "
"2015-0156-BRA","2015","0156","","Natural","Meteorological","Storm","Convective storm","Lightning/Thunderstorms","","Brazil","BRA","South America","Americas","Xanxere (Santa Catarina)","","","","","","","","320","Kph","","","","","2015","4","20","2015","4","20","2","97","10940","","11037","","","","","2000","2469","80.988578990591","2","","10975","Xanxere (Adm2). "
"2015-0489-BRA","2015","0489","","Natural","Hydrological","Flood","Riverine flood","","","Brazil","BRA","South America","Americas","Santa Catarina, Rio Grande do Sul provinces","El Nino","","","","","Yes","","","Km2","","","","Guaiba, Itajai do Sul rivers","2015","10","8","2015","10","20","3","","5370","","5370","","","","","2000","2469","80.988578990591","1","685;688","","Rio Grande Do Sul, Santa Catarina (Adm1). "
"2015-0551-BRA","2015","0551","FL-2015-000171; FL-2016-000003","Natural","Hydrological","Flood","Riverine flood","","","Brazil","BRA","South America","Americas","Rio Grande do Sul province","El Nino","","","","","","","","Km2","","","","Uruguay, Quarai rivers","2015","12","20","2015","12","26","","","9000","","9000","","","","","","","80.988578990591","1","685","","Rio Grande Do Sul (Adm1). "
"2015-0157-BRA","2015","0157","","Natural","Hydrological","Landslide","Landslide","","","Brazil","BRA","South America","Americas","Salvador city (Salvador district, Bahia state) ","Rainfall","","","","","","","","","","","","","2015","4","27","2015","4","27","15","","","","","","","","","","","80.988578990591","2","","6865","Salvador (Adm2). "
"2015-0095-BRA","2015","0095","","Technological","Technological","Transport accident","Road","","","Brazil","BRA","South America","Americas","Sierra Dona Francisca (Santa Catarina)","","","","","No","No","","","","","","","","2015","3","14","2015","3","14","54","","","","","","","","","","","80.988578990591","","","",""
"2015-0423-BRA","2015","0423","","Technological","Technological","Transport accident","Road","","","Brazil","BRA","South America","Americas","Paraty","","","","","No","No","","","","","","","","2015","9","6","2015","9","6","15","50","","","50","","","","","","","80.988578990591","","","",""
"2015-0007-BRA","2015","0007","","Technological","Technological","Transport accident","Rail","","","Brazil","BRA","South America","Americas","Mesquita (Rio de Janeiro state)","","","","","","","","","","","","","","2015","1","6","2015","1","6","","158","","","158","","","","","","","80.988578990591","","","",""
"2015-0208-BRA","2015","0208","","Natural","Hydrological","Flood","","","","Brazil","BRA","South America","Americas","Amazonas state; Boca do Acre (Punus region)","Heavy rains","","","","No","No","","450353","Km2","-6.97805","-67.8","","","2015","4","1","2015","5","2","5","","1000","","1000","","","","","","","80.988578990591","2","","6484","Boca Do Acre (Adm2). "
"2016-0077-BRA","2016","0077","","Natural","Hydrological","Flood","Flash flood","","","Brazil","BRA","South America","Americas","Mairipora, Francisco Morato, Itapevi, Guarulhos, Cajamar districts (Sao Paulo province), Rio de Janeiro province","Torrential arins","Slide (land, mud, snow, rock)","","","","","","","Km2","","","","Pinheiros","2016","3","10","2016","3","11","30","","","","","","","","","100000","121936","82.010330903136","1;2","683","11082;11167;11193;11238;11301","Rio De Janeiro (Adm1). Cajamar, Francisco Morato, Guarulhos, Itapevi, Mairipora (Adm2). "
"2016-0214-BRA","2016","0214","","Technological","Technological","Transport accident","Road","","","Brazil","BRA","South America","Americas","Sao Paulo State","","","","","","","","","","","","","","2016","6","9","2016","6","9","18","31","","","31","","","","","","","82.010330903136","","","",""
"2016-0033-BRA","2016","0033","","Natural","Hydrological","Flood","","","","Brazil","BRA","South America","Americas","Arapongas, Rolândia, Londrina districts (Parana province), Sao Paulo province, Aquidauana, Miranda, Dois Irmãos do Buriti, Taquarussu districts (Mato Grosso do Sul province)","El Nino","","","","","Yes","","110515","Km2","-17.956","-56.442","","","2016","1","9","2016","1","15","3","","50500","","50500","","","","","100000","121936","82.010330903136","1;2","689","7676;7697;7717;7741;9107;9281;9401","Sao Paulo (Adm1). Aquidauana, Arapongas, Dois Irmaos Do Buriti, Londrina, Miranda, Rolandia, Taquarussu (Adm2). "
"2016-0518-BRA","2016","0518","","Natural","Biological","Epidemic","Viral disease","","Yellow fever","Brazil","BRA","South America","Americas","Ribeirão Preto (Jaboticabal, Monte Alto, Ribeirão Preto); Barretos (Cajobi and Severínea); São José do Rio Preto (Pindorama, Potirendaba, Catanduva, Ibira, Adolfo, Catiguá, and São José do Rio Preto) - Sao Paulo; Minas Gerais,; Espirito Santo; Brasilia, Goias, Mato Grosso do Sul; Tocantins; Bahia, Rio Grande do Norte","","","","","","Yes","","","Vaccinated","","","","","2016","12","18","2017","4","1","261","777","","","777","","","","","","","82.010330903136","","","",""
"2017-0202-BRA","2017","0202","FL-2017-000067","Natural","Hydrological","Flood","Riverine flood","","","Brazil","BRA","South America","Americas","Pernambuco (Caruaru, Ipojuca, Joaquim Nabuco, Jurema, Lagoa dos Gatos, Primavera, Quipapá, Sirinhaém, Tamandaré, Xexéu, Belém de Maria, Gameleira, Palmares, Amaraji, Maraial, Ribeirão, Cortês, Barra de Guabiraba, São Benedito do Sul, Rio Formoso, Catende, Água Preta, Jaqueira, Barreiros), Alagoas (Metropolitan Region, Paraiba Valley, Mundau Valley, North Coast, Grota de Santo Amaro, Callejón de la Anastácia, Riacho Velho, Carrasco, Piedras, Malhadas, Barra Nova, Playa Francés, Sitio Auxiliadora, Macéio, Atalaia, São Luis do Quitunde, Satuba, União dos Palmares, Capela, Chã Preta, Colônia Leopoldina, Jacuípe, Jundiá, Marechal Deodoro, Paulo Jacinto, Pilar, Quebrangulo, Rio Largo, Santa Luzia do Norte, Santana do Mundaú, São José da Laje, Branquinha, Cajueiro, Palmeira dos índios, Pedoca)","Heavy Rainfall","Slide (land, mud, snow, rock)","","","","Yes","","266010","Km2","-8.096","-38.231","","","2017","5","26","2017","6","10","14","","104140","","104140","","","","","100000","119393","83.757254551963","2","","6358;6365;6367;6372;6374;6376;6389;6392;6395;6396;6400;6405;6412;6420;6425;6428;6435;6436;6438;6440;6442;6444;6448;6454;6455;9493;9498;9503;9504;9505;9533;9535;9541;9546;9554;9567;9577;9581;9584;9588;9595;9604;9618;9619;9623;9624;9637;9642;9650;9656;9673","Agua Preta, Amaraji, Atalaia, Barra De Guabiraba, Barreiros, Belem De Maria, Branquinha, Cajueiro, Capela, Caruaru, Catende, Cha Preta, Colonia Leopoldina, Cortes, Escada, Gameleira, Igreja Nova, Ipojuca, Jacuipe, Jaqueira, Joaquim Gomes, Joaquim Nabuco, Jundia, Jurema, Lagoa Dos Gatos, Maceio, Maraial, Marechal Deodoro, Murici, Palmares, Palmeira Dos Indios, Paulo Jacinto, Pilar, Primavera, Quebrangulo, Quipapa, Ribeirao, Rio Formoso, Rio Largo, Santa Luzia Do Norte, Santana Do Mundau, Sao Benedito Do Sul, Sao Jose Da Coroa Grande, Sao Jose Da Laje, Sao Luis Do Quitunde, Satuba, Sirinhaem, Tamandare, Uniao Dos Palmares, Vicosa, Xexeu (Adm2). "
"2017-0551-BRA","2017","0551","","Natural","Biological","Epidemic","Viral disease","","Yellow fever","Brazil","BRA","South America","Americas","Rio de Janeiro, São Paulo, Minas Gerais","","","","","","","","","Vaccinated","","","","","2017","7","1","2018","2","16","154","310","","","310","","","","","","","83.757254551963","","","",""
"2017-0175-BRA","2017","0175","","Technological","Technological","Transport accident","Road","","","Brazil","BRA","South America","Americas","Piaui, Road BR-135, 786 km south of Teresina","","","","","","","","","","","","","","2017","6","17","2017","6","17","10","","","","","","","","","","","83.757254551963","","","",""
"2017-0194-BRA","2017","0194","","Technological","Technological","Transport accident","Road","","","Brazil","BRA","South America","Americas","Near Salinas (Minas Gerais)","","","","","","","","","","","","","","2017","6","19","2017","6","19","10","","","","","","","","","","","83.757254551963","","","",""
"2017-0354-BRA","2017","0354","","Technological","Technological","Transport accident","Water","","Ferry","Brazil","BRA","South America","Americas","Para ","","","","","","","","","","","","","","2017","8","22","2017","8","22","26","","","","","","","","","","","83.757254551963","","","",""
"2017-0575-BRA","2017","0575","","Technological","Technological","Transport accident","Water","","Ferry","Brazil","BRA","South America","Americas","Salvador","","","","","","","","","","","","","","2017","8","24","2017","8","24","21","","","","","","","","","","","83.757254551963","","","",""
"2017-0574-BRA","2017","0574","","Technological","Technological","Transport accident","Water","","","Brazil","BRA","South America","Americas","Bahia","","","","","","","","","","","","","","2018","8","24","2018","8","24","22","","","","","","","","","","","83.757254551963","","","",""
"2018-0040-BRA","2018","0040","","Natural","Hydrological","Flood","","","","Brazil","BRA","South America","Americas","Rio de Janeiro","Heavy rains","Collapse","Flood","","","","","55139","Km2","-22.479","-44.095","","","2018","2","14","2018","2","16","4","","250","","250","","","","","10000","11655","85.803026057265","2","","9961","Rio De Janeiro (Adm2). "
"2018-0155-BRA","2018","0155","","Technological","Technological","Miscellaneous accident","Collapse","","Building","Brazil","BRA","South America","Americas","Sao Paulo","","Fire","","","","","","","","","","","","2018","5","2","2018","5","2","49","","","","","","","","","","","85.803026057265","","","",""
"2018-0415-BRA","2018","0415","","Natural","Hydrological","Landslide","Landslide","","","Brazil","BRA","South America","Americas","Niteroi, near Rio de Janeiro","Heavy rains","","","","","","","","","","","","","2018","11","10","2018","11","10","15","","","300","300","","","","","","","85.803026057265","2","","9941","Niteroi (Adm2). "
"2018-0009-BRA","2018","0009","","Technological","Technological","Transport accident","Road","","","Brazil","BRA","South America","Americas","Near Grao Mogol (Minas Gerais state)","","","","","","","","","","","","","","2018","1","13","2018","1","13","13","39","","","39","","","","","","","85.803026057265","","","",""
"2018-0449-BRA","2018","0449","","Technological","Technological","Miscellaneous accident","Fire","","","Brazil","BRA","South America","Americas","Manaus (Amazonia state)","","","","","","","","","","","","","","2018","12","17","2018","12","18","","17","2500","","2517","","","","","","","85.803026057265","","","",""
"2018-0112-BRA","2018","0112","","Natural","Hydrological","Flood","","","","Brazil","BRA","South America","Americas","Sao Paulo","Torrential Rain","","","","","","","131278","Km2","-24.206","-48.623","","","2018","3","20","2018","3","21","3","","1000","","1000","","","","","43000","50115","85.803026057265","1","689","","Sao Paulo (Adm1). "
"2019-0026-BRA","2019","0026","","Technological","Technological","Industrial accident","Collapse","","Dam","Brazil","BRA","South America","Americas","Brumadinho","","Slide (land, mud, snow, rock)","","","","","","","m3","","","","","2019","1","25","2019","1","25","334","","","","","","","","","","","87.358006773885","","","",""
"2019-0100-BRA","2019","0100","","Natural","Hydrological","Flood","","","","Brazil","BRA","South America","Americas","São Paulo, São Bernardo do Campo, Ribeirão Pires, Suzano (Sao Paulo)","Torrential rains","Slide (land, mud, snow, rock)","","","","","","20310","Km2","-23.539","-46.124","","","2019","3","10","2019","3","11","12","6","1300","","1306","","","","","","","87.358006773885","2","","11467;11525;11543;11566","Ribeirao Pires, Sao Bernardo Do Campo, Sao Paulo, Suzano (Adm2). "
"2019-0146-BRA","2019","0146","","Natural","Hydrological","Flood","","","","Brazil","BRA","South America","Americas","Rio de Janeiro, Maranhao, Piaui, Sao Paulo states","Heavy rains","Slide (land, mud, snow, rock)","","","","Yes","","","Km2","","","","","2019","4","8","2019","4","9","10","","4500","","4500","","","","","","","87.358006773885","1","674;682;683;689","","Maranhao, Piaui, Rio De Janeiro, Sao Paulo (Adm1). "
"2019-0008-BRA","2019","0008","FL-2019-000009","Natural","Hydrological","Flood","","","","Brazil","BRA","South America","Americas","Alegrete, Santana da Boa Vista, Quaraí , Bagé and Lavras do Sul Municipalities municipalities (Rio Grande do Sul State)","","Storm","","","","Yes","","","Km2","","","","","2019","1","11","2019","1","11","4","","10000","","10000","","","","","","","87.358006773885","1","685","","Rio Grande Do Sul (Adm1). "
"2019-0309-BRA","2019","0309","","Natural","Hydrological","Flood","Flash flood","","","Brazil","BRA","South America","Americas","Pernambuco state","Heavy rains","","","","","","","","Km2","","","","","2019","6","13","2019","6","13","7","","30000","","30000","","","","","","","87.358006773885","1","681","","Pernambuco (Adm1). "
"2019-0234-BRA","2019","0234","","Technological","Technological","Transport accident","Road","","","Brazil","BRA","South America","Americas","Campos de Jordao","","","","","","","","","","","","","","2019","6","16","2019","6","16","17","","","","","","","","","","","87.358006773885","","","",""
"2019-0157-BRA","2019","0157","","Technological","Technological","Miscellaneous accident","Collapse","","Buildings","Brazil","BRA","South America","Americas","Rio de Janeiro","","","","","","","","","","","","","","2019","4","12","2019","4","18","24","10","","","10","","","","","","","87.358006773885","","","",""
"2019-0051-BRA","2019","0051","","Technological","Technological","Miscellaneous accident","Fire","","Football training center Flamengo","Brazil","BRA","South America","Americas","Rio de Janeiro","","","","","","","","","","","","","","2019","2","8","2019","2","8","10","3","","","3","","","","","","","87.358006773885","","","",""
"2019-0368-BRA","2019","0368","","Natural","Hydrological","Flood","","","","Brazil","BRA","South America","Americas","Metropolitan Region of Recife","","Slide (land, mud, snow, rock)","","","","","","","Km2","","","","","2019","7","23","2019","7","24","12","","","","","","","","","","","87.358006773885","2","","9489;9500;9519;9525;9557;9563;9567;9571;9574;9576;9598;9600;9611;9621;9645","Abreu E Lima, Aracoiaba, Cabo De Santo Agostinho, Camaragibe, Goiana, Igarassu, Ipojuca, Itamaraca, Itapissuma, Jaboatao Dos Guararapes, Moreno, Olinda, Paulista, Recife, Sao Lourenco Da Mata (Adm2). "
"2019-0542-BRA","2019","0542","","Natural","Hydrological","Flood","","","","Brazil","BRA","South America","Americas","Alegre, Vitória, Vila Velha, Cariacica, Viana municipalities (Espirito Santo State)","","Slide (land, mud, snow, rock)","","","","","","","Km2","","","","","2019","11","16","2019","11","17","2","12","660","","672","","","","","","","87.358006773885","2","","7135;7148;7204;7207;7208","Alegre, Cariacica, Viana, Vila Velha, Vitoria (Adm2). "
"2019-0580-BRA","2019","0580","","Natural","Hydrological","Flood","","","","Brazil","BRA","South America","Americas","Salvador de Bahia City (Bahia State, north-eastern Brazil)","Heavy rains","Slide (land, mud, snow, rock)","","","","","","173355","Km2","-39.27","-12.906","","","2019","11","25","2019","11","27","","","300","","300","","","","","","","87.358006773885","2","","6865","Salvador (Adm2). "
"2019-0428-BRA","2019","0428","","Natural","Climatological","Wildfire","Forest fire","","","Brazil","BRA","South America","Americas","Northwestern, Legal Amazon Area","","","","Yes","","","","","Km2","","","","","2019","1","","2019","8","","","2195","10000000","","10002195","","","","","","","87.358006773885","","","",""
"2019-0507-BRA","2019","0507","","Technological","Technological","Miscellaneous accident","Collapse","","Building","Brazil","BRA","South America","Americas","Fortaleza","","","","","","","","","","","","","","2019","10","15","2019","10","15","11","7","","","7","","","","","","","87.358006773885","","","",""
"2019-0440-BRA","2019","0440","","Technological","Technological","Miscellaneous accident","Fire","","Hospital","Brazil","BRA","South America","Americas","Rio","","","","","","","","","","","","","","2019","9","12","2019","9","12","11","77","","","77","","","","","","","87.358006773885","","","",""
"2020-0270-BRA","2020","0270","","Natural","Meteorological","Storm","Convective storm","","","Brazil","BRA","South America","Americas","Santa Catarina state; Iraí, Cacique Doble, Barracão, Vacaria and Capão Bonito do Sul (Rio Grande do Sul State); Parana","","Flood","Slide (land, mud, snow, rock)","","","Yes","","100","Kph","","","","","2020","6","30","2020","7","1","12","","1119","","1119","","","","","100000","113077","88.435640805934","1","680;685;688","","Parana, Rio Grande Do Sul, Santa Catarina (Adm1). "
"2020-0022-BRA","2020","0022","","Natural","Hydrological","Flood","","","","Brazil","BRA","South America","Americas","Alfredo Chaves, Iconha Municipalities (Espirito Santo State); Minas Gerais state; Rio de Janeiro","Heavy rains","Slide (land, mud, snow, rock)","Storm","","","Yes","","115220","Km2","-19.398","-45.901","","","2020","1","17","2020","1","27","61","12","11000","","11012","","","","","300000","339230","88.435640805934","1;2","677;683","7136;7163","Minas Gerais, Rio De Janeiro (Adm1). Alfredo Chaves, Iconha (Adm2). "
"2020-0056-BRA","2020","0056","","Natural","Hydrological","Flood","","","","Brazil","BRA","South America","Americas","Marilia, Botucatu, Laranjal Paulista,Taboao da Serra (Sao Paulo State)","Heavy rains","Slide (land, mud, snow, rock)","","","","Yes","","","Km2","","","","","2020","2","9","2020","2","11","5","","658","","658","","","","","50000","56538","88.435640805934","2","","11279;11307;11569","Laranjal Paulista, Marilia, Taboao Da Serra (Adm2). "
"2020-0077-BRA","2020","0077","","Natural","Hydrological","Flood","","","","Brazil","BRA","South America","Americas"," Rio de Janeiro State","Heavy rains","Slide (land, mud, snow, rock)","","","","","","","Km2","","","","","2020","2","29","2020","3","2","4","2","150","","152","","","","","","","88.435640805934","1","683","","Rio De Janeiro (Adm1). "
"2020-0083-BRA","2020","0083","","Natural","Hydrological","Flood","","","","Brazil","BRA","South America","Americas","Guaruja , Santos, Sao Vicente (Baixada Santista Regions, Sao Paulo state)","Heavy rains","Slide (land, mud, snow, rock)","","","","","","","Km2","","","","","2020","3","2","2020","3","3","60","","","5000","5000","","","","","75000","84807","88.435640805934","2","","11192;11523;11550","Guaruja, Santos, Sao Vicente (Adm2). "
"2020-0560-BRA","2020","0560","","Natural","Hydrological","Flood","","","","Brazil","BRA","South America","Americas","Vale do Itajai region (Santa Caterina State)","Heavy rains","Slide (land, mud, snow, rock)","","","","","","","Km2","","","","","2020","12","17","2020","12","21","21","","339","","339","","","","","75000","84807","88.435640805934","2","","10811","Itajai (Adm2). "
"2020-0511-BRA","2020","0511","","Technological","Technological","Transport accident","Road","","","Brazil","BRA","South America","Americas","Near Taguai (Sao Paulo state)","","","","","","","","","","","","","","2020","11","25","2020","11","25","37","15","","","15","","","","","","","88.435640805934","","","",""
"2020-0537-BRA","2020","0537","","Technological","Technological","Transport accident","Road","","","Brazil","BRA","South America","Americas","Joao Monlevade (Minas Gerais state)","","","","","","","","","","","","","","2020","12","4","2020","12","4","14","26","","","26","","","","","","","88.435640805934","","","",""
"2020-0079-BRA","2020","0079","","Technological","Technological","Transport accident","Water","","Ferry 'Anna Karoline III'","Brazil","BRA","South America","Americas","Amapa state","","","","","","","","","","","","","","2020","2","29","2020","2","29","48","","46","","46","","","","","","","88.435640805934","","","",""
"2020-9582-BRA","2020","9582","","Natural","Climatological","Drought","Drought","","","Brazil","BRA","South America","Americas","Rio Grande Do Sul, Santa Catarina","","","","","","","","","Km2","","","","","2020","1","","2020","12","","","","","","","","","","","3000000","3392297","88.435640805934","1","685;688","","Rio Grande Do Sul, Santa Catarina (Adm1). "
"2021-0332-BRA","2021","0332","","Natural","Hydrological","Flood","Flash flood","","","Brazil","BRA","South America","Americas","Santa Catarina State","Heavy rains","Slide (land, mud, snow, rock)","","","","Yes","","","Km2","","","","","2021","6","8","2021","6","9","2","","2400","","2400","","","","","13000","14040","92.590192930993","1","688","","Santa Catarina (Adm1). "
"2021-0040-BRA","2021","0040","","Natural","Hydrological","Flood","","","","Brazil","BRA","South America","Americas","Florianópolis City (Santa Caterina State)","Heavy rains","Slide (land, mud, snow, rock)","","","","","","","Km2","","","","","2021","1","21","2021","1","24","2","2","105","","107","","","","","37000","39961","92.590192930993","2","","10773","Florianopolis (Adm2). "
"2021-0087-BRA","2021","0087","","Natural","Hydrological","Flood","","","","Brazil","BRA","South America","Americas","Santa Maria de Itabira Municipality (central Minas Gerais state); Cruzeiro do Sul Municipality (Acre state)","Heavy rains","Slide (land, mud, snow, rock)","","","","Yes","","","Km2","","","","","2021","2","10","2021","2","22","6","","100000","","100000","","","","","36000","38881","92.590192930993","2","","6338;8547","Cruzeiro Do Sul, Santa Maria De Itabira (Adm2). "
"2021-0202-BRA","2021","0202","","Natural","Hydrological","Flood","Flash flood","","","Brazil","BRA","South America","Americas","Santa Catarina (southern Brazil) and Pará (northern Brazil)","","Storm","","","","Yes","","","Km2","","","","","2021","3","26","2021","3","26","1","3","240","","243","","","","","","","92.590192930993","1","678;688","","Para, Santa Catarina (Adm1). "
"2021-0054-BRA","2021","0054","","Technological","Technological","Transport accident","Road","","","Brazil","BRA","South America","Americas","San Catarina state","","","","","","","","","","","","","","2021","1","25","2021","1","25","19","33","","","33","","","","","","","92.590192930993","","","",""
"2021-9569-BRA","2021","9569","","Natural","Climatological","Drought","Drought","","","Brazil","BRA","South America","Americas","Paraná River region","","","","","","Yes","","","Km2","","","","","2021","1","","2021","12","","","","","","","","","","","3000000","3240084","92.590192930993","1","680","","Parana (Adm1). "
"2021-0142-BRA","2021","0142","","Natural","Hydrological","Flood","","","","Brazil","BRA","South America","Americas","Lagoa Vermelha Municipality (Rio Grande Do Sul State)","Heavy rains","","","","","Yes","","","Km2","","","","","2021","3","2","2021","3","3","","","129","","129","","","","","","","92.590192930993","2","","10365","Lagoa Vermelha (Adm2). "
"2021-0232-BRA","2021","0232","","Natural","Hydrological","Flood","","","","Brazil","BRA","South America","Americas","Oriximiná Municipality (northern Parà)","Heavy rains","","","","","Yes","","","Km2","","","","Trombetas River","2021","4","19","2021","6","5","","","14000","","14000","","","","","40000","43201","92.590192930993","2","","8806","Oriximina (Adm2). "
"2021-0303-BRA","2021","0303","","Natural","Hydrological","Flood","","","","Brazil","BRA","South America","Americas","Parintins, Manacapuru, Careiro da Várzea, Manaus municipalities (Amazonas State)","Heavy rains, La Nina","","","","","","","","Km2","","","","Amazon, Solimões and Negro Rivers","2021","4","20","2021","4","23","","5","455000","","455005","","","","","","","92.590192930993","2","","6490;6507;6509;6517","Careiro Da Varzea, Manacapuru, Manaus, Parintins (Adm2). "
"2021-0790-BRA","2021","0790","FL-2021-000204","Natural","Hydrological","Flood","","","","Brazil","BRA","South America","Americas","Itaberaba, Itamaraju, Porto Seguro, Eunápolis, Prado, Teixeira de Freitas , Jucuruçu, Itagimirim, Medeiros Neto municipalities (Bahia state); Minas Gerais state; Espirito Santo; Tocantins ","Heavy rains","","","","","Yes","","","Km2","","","","","2021","11","15","2022","1","16","51","523","1035643","","1036166","351000","379090","","","417000","450372","92.590192930993","1;2","672;677;691","6658;6706;6712;6716;6749;6784;6840;6842;6917","Espirito Santo, Minas Gerais, Tocantins (Adm1). Eunapolis, Itaberaba, Itagimirim, Itamaraju, Jucurucu, Medeiros Neto, Porto Seguro, Prado, Teixeira De Freitas (Adm2). "
"2022-0020-BRA","2022","0020","","Natural","Hydrological","Flood","","","","Brazil","BRA","South America","Americas","Minas Gerais","Heavy rains, La Nina","Slide (land, mud, snow, rock)","","","","","","","Km2","","","","","2022","1","1","2022","1","14","15","32","","","32","","","","","90000","90000","100","1","677","","Minas Gerais (Adm1). "
"2022-0065-BRA","2022","0065","","Natural","Hydrological","Flood","","","","Brazil","BRA","South America","Americas","Sao Paulo state","Heavy rains","Slide (land, mud, snow, rock)","","","","","","","Km2","","","","","2022","1","1","2022","2","4","35","12","3000","","3012","","","","","72000","72000","100","1","689","","Sao Paulo (Adm1). "
"2022-0089-BRA","2022","0089","","Natural","Hydrological","Flood","","","","Brazil","BRA","South America","Americas","Miracema, Laje do Muriae, Santo Antonio de Padua, Italva and Itaocara municipalities (Rio de Janeiro state)","Heavy rains","Slide (land, mud, snow, rock)","","","","Yes","","","Km2","","","","","2022","2","13","2022","2","16","272","197","15000","886","16083","","","","","27000","27000","100","1;2","671;676","6442;9925;9926;9930;9938;9963","Distrito Federal, Mato Grosso Do Sul (Adm1). Italva, Itaocara, Laje Do Muriae, Miracema, Santo Antonio De Padua, Sao Jose Da Laje (Adm2). "
"2022-0149-BRA","2022","0149","","Natural","Hydrological","Flood","","","","Brazil","BRA","South America","Americas"," Petrópolis City and the Fluminense Mountain Region (Rio de Janeiro State)","Heavy rains","Slide (land, mud, snow, rock)","","","","","","","Km2","","","","","2022","3","20","2022","3","22","8","","800","","800","","","","","","","100","1","683","","Rio De Janeiro (Adm1). "
"2022-0190-BRA","2022","0190","","Natural","Hydrological","Flood","","","","Brazil","BRA","South America","Americas","Angra dos Reis, Paraty, Mesquita, Duque de Caxias, Cachoeiras de Macacu (Rio de Janeiro state)","Heavy rains","Slide (land, mud, snow, rock)","","","","","","","Km2","","","","","2022","4","1","2022","4","4","23","","31500","","31500","","","","","136000","136000","100","1","683","","Rio De Janeiro (Adm1). "
"2022-0318-BRA","2022","0318","","Natural","Hydrological","Flood","","","","Brazil","BRA","South America","Americas","Pernambuco, Alagoas and Paraíba states; Olinda, Jaboatão dos Guararapes, São José da Coroa Grande (greater Ricefe region)","Heavy rains","Slide (land, mud, snow, rock)","","","","Yes","","","Km2","","","","Negro, Amazon, Jurua, Purus, Madeira and Solimões Rivers","2022","5","24","2022","5","30","116","4","24300","","24304","","","","","459000","459000","100","1","666;679;681","","Alagoas, Paraiba, Pernambuco (Adm1). "
"2022-0793-BRA","2022","0793","","Natural","Hydrological","Flood","","","","Brazil","BRA","South America","Americas","Carapebus and Conceição de Macabu (Rio de Janeiro State); Santa Catarina state; Paranà State; Espirito Santo State, Curitiba, Bahia","Heavy rains","Slide (land, mud, snow, rock)","","","","Yes","","","Km2","","","","Doce River","2022","11","29","2022","12","4","32","","17500","","17500","","","","","","","100","","","",""
"2022-0587-BRA","2022","0587","","Technological","Technological","Transport accident","Water","","","Brazil","BRA","South America","Americas","Near Belem","","","","","","","","","","","","","","2022","9","8","2022","9","8","11","8","","","8","","","","","","","100","","","",""
"2022-9211-BRA","2022","9211","","Natural","Climatological","Drought","Drought","","","Brazil","BRA","South America","Americas","","","","","","","","","","Km2","","","","","2022","1","","2022","12","","","","","","","","","","","4000000","4000000","100","","","",""
"2022-0265-BRA","2022","0265","","Natural","Hydrological","Flood","","","","Brazil","BRA","South America","Americas","Florianopolis and Vale do Itajai (Santa Catarina State )","Heavy rain","","","","","Yes","","","Km2","","","","","2022","5","3","2022","5","5","3","","44000","","44000","","","","","93000","93000","100","2","","6934;10773;10811","Florianopolis, Itajai, Valenca (Adm2). "
"2022-0409-BRA","2022","0409","","Natural","Hydrological","Flood","","","","Brazil","BRA","South America","Americas"," Alagoas, Pernambuco, and Rio Grande do Norte States","Heavy rains","","","","","Yes","","","Km2","","","","","2022","7","5","2022","7","6","12","","67500","","67500","","","","","264000","264000","100","1","666;681;684","","Alagoas, Pernambuco, Rio Grande Do Norte (Adm1). "
"2022-0783-BRA","2022","0783","","Natural","Hydrological","Flood","","","","Brazil","BRA","South America","Americas","Bahia state","Heavy rains","","","","","","","","Km2","","","","","2022","11","29","2022","12","4","10","","3000","","3000","","","","","","","100","1","669","","Bahia (Adm1). "
"2022-0815-BRA","2022","0815","","Natural","Hydrological","Flood","","","","Brazil","BRA","South America","Americas","Itapema and Camboriú (Santa Catarina state); Espírito Santo State","Heavy rains","","","","","","","","Km2","","","","","2022","12","20","2022","12","22","2","","16350","","16350","","","","","","","100","1;2","672","10737;10812","Espirito Santo (Adm1). Camboriu, Itapema (Adm2). "
"2023-0028-BRA","2023","0028","","Natural","Hydrological","Flood","","","","Brazil","BRA","South America","Americas","Rodeio Municipality (Santa Caterina State)","","Slide (land, mud, snow, rock)","Storm","","","","","","Km2","","","","","2023","1","17","2023","1","18","5","","180","","180","","","","","","","","2","","10907","Rodeio (Adm2). "
"2023-0092-BRA","2023","0092","","Natural","Hydrological","Flood","","","","Brazil","BRA","South America","Americas","Sao Sebastiao City and one in Ubatuba City (Sao Paulo state)","Heavy rains","Slide (land, mud, snow, rock)","","","","","","","Km2","","","","","2023","2","19","2023","2","21","67","25","4000","","4025","","","","","","","","1","689","","Sao Paulo (Adm1). "
"2023-0157-BRA","2023","0157","","Natural","Hydrological","Flood","","","","Brazil","BRA","South America","Americas","Ceara, Maranhao, Para, Pernambuco, and Piau States","","Slide (land, mud, snow, rock)","","","","Yes","","","Km2","","","","","2023","3","16","2023","3","23","6","","2400","","2400","","","","","","","","1","670;674;678;681;682","","Ceara, Maranhao, Para, Pernambuco, Piaui (Adm1). "
